종목코드,탭코드,종목명,현재가,등락구분,전일비,등락률,순자산가치(NAV),3개월수익률,거래량,거래대금(백만),시가총액(억),유형,브랜드,인버스,레버리지,환헤지(H)
069500,1,KODEX 200,31425,5,-155,-0.49,31510.0,-10.6016,2100418,65964,52118,국내 시장지수,KODEX,False,False,False
371460,4,TIGER 차이나전기차SOLACTIVE,17125,5,-365,-2.09,17176.0,32.8018,6904743,119235,37908,해외 주식,TIGER,False,False,False
122630,3,KODEX 레버리지,14780,5,-150,-1.0,14837.0,-21.4418,20353741,300394,24128,국내 파생,KODEX,False,True,False
133690,4,TIGER 미국나스닥100,69990,5,-1230,-1.73,69796.0,-6.4225,99724,6986,20724,해외 주식,TIGER,False,False,False
102110,1,TIGER 200,31495,5,-150,-0.47,31576.0,-10.5467,820110,25811,20362,국내 시장지수,TIGER,False,False,False
252670,3,KODEX 200선물인버스2X,3190,2,30,0.95,3192.0,21.5384,138661549,443280,20272,국내 파생,KODEX,True,False,False
157450,6,TIGER 단기통안채,100965,5,-10,-0.01,100968.0,0.2482,144915,14632,17039,채권,TIGER,False,False,False
214980,6,KODEX 단기채권PLUS,103705,2,10,0.01,103710.0,-0.0145,768751,79723,16373,채권,KODEX,False,False,False
360750,4,TIGER 미국S&P500,12685,5,-190,-1.48,12653.0,-5.0447,1020622,12965,16364,해외 주식,TIGER,False,False,False
381180,4,TIGER 미국필라델피아반도체나스닥,9490,5,-165,-1.71,9461.0,-3.1109,1115644,10602,13851,해외 주식,TIGER,False,False,False
273130,6,KODEX 종합채권(AA-이상)액티브,102970,5,-180,-0.17,102943.0,0.3404,1561,160,13516,채권,KODEX,False,False,False
153130,6,KODEX 단기채권,103410,2,15,0.01,103411.0,0.1065,1531648,158387,13516,채권,KODEX,False,False,False
292150,2,TIGER TOP10,10410,5,-60,-0.57,10422.0,-9.2486,187421,1946,13351,국내 업종/테마,TIGER,False,False,False
381170,4,TIGER 미국테크TOP10 INDXX,10265,5,-190,-1.82,10234.0,-8.088,408691,4201,13252,해외 주식,TIGER,False,False,False
423160,7,KODEX KOFR금리액티브(합성),100400,2,5,0.0,100396.0,,6632,665,13248,기타,KODEX,False,False,False
102780,2,KODEX 삼성그룹,8285,5,-15,-0.18,8300.0,-7.1381,279669,2315,12983,국내 업종/테마,KODEX,False,False,False
305720,2,KODEX 2차전지산업,17455,2,100,0.58,17513.0,-12.8722,1423365,24764,12323,국내 업종/테마,KODEX,False,False,False
310970,1,TIGER MSCI Korea TR,12930,5,-50,-0.39,12940.0,-9.673,38,0,11973,국내 시장지수,TIGER,False,False,False
305540,2,TIGER 2차전지테마,17685,2,175,1.0,17722.0,-14.3347,910121,16013,11663,국내 업종/테마,TIGER,False,False,False
278530,1,KODEX 200TR,10460,5,-60,-0.57,10490.0,-10.6961,94021,983,10967,국내 시장지수,KODEX,False,False,False
148020,1,KBSTAR 200,31545,5,-150,-0.47,31633.0,-10.869,134758,4251,10615,국내 시장지수,KBSTAR,False,False,False
233740,3,KODEX 코스닥150레버리지,8545,2,70,0.83,8646.0,-25.3304,14756284,124973,9374,국내 파생,KODEX,False,True,False
114800,3,KODEX 인버스,4925,2,25,0.51,4925.0,10.9852,28677568,141280,9264,국내 파생,KODEX,True,False,False
139260,2,TIGER 200 IT,27995,5,-335,-1.18,28062.0,-12.1251,72496,2030,7139,국내 업종/테마,TIGER,False,False,False
091180,2,KODEX 자동차,18205,2,290,1.62,18246.0,-2.4769,686953,12438,6963,국내 업종/테마,KODEX,False,False,False
394670,4,TIGER 글로벌리튬&2차전지SOLACTIVE(합성),10440,5,-150,-1.42,10488.0,5.7942,121453,1275,6694,해외 주식,TIGER,False,False,False
152100,1,ARIRANG 200,31895,5,-135,-0.42,31974.0,-10.7701,77924,2485,6602,국내 시장지수,ARIRANG,False,False,False
229200,1,KODEX 코스닥150,11060,2,50,0.45,11196.0,-12.0116,3862300,42539,6420,국내 시장지수,KODEX,False,False,False
357870,7,TIGER CD금리투자KIS(합성),50970,3,0,0.0,50979.0,0.4236,0,0,6125,기타,TIGER,False,False,False
278540,1,KODEX MSCI Korea TR,10290,5,-45,-0.44,10304.0,-9.5801,197900,2029,6020,국내 시장지수,KODEX,False,False,False
293180,1,HANARO 200,31500,5,-175,-0.55,31587.0,-10.5605,71429,2250,5969,국내 시장지수,HANARO,False,False,False
105190,1,KINDEX 200,31510,5,-150,-0.47,31582.0,-10.618,86741,2730,5183,국내 시장지수,KINDEX,False,False,False
272580,6,TIGER 단기채권액티브,50525,3,0,0.0,50532.0,0.1784,1172,59,5017,채권,TIGER,False,False,False
196230,6,KBSTAR 단기통안채,105245,3,0,0.0,105239.0,0.2094,10349,1089,4989,채권,KBSTAR,False,False,False
360200,4,KINDEX 미국S&P500,12800,5,-170,-1.31,12759.0,-5.0443,62221,798,4966,해외 주식,KINDEX,False,False,False
294400,1,KOSEF 200TR,38050,5,-205,-0.54,38153.0,-10.6192,52630,2002,4813,국내 시장지수,KOSEF,False,False,False
251350,4,KODEX 선진국MSCI World,19310,5,-180,-0.92,19283.0,-6.478,8271,160,4461,해외 주식,KODEX,False,False,False
315930,2,KODEX Top5PlusTR,15460,5,-85,-0.55,15481.0,-9.7009,32116,496,4422,국내 업종/테마,KODEX,False,False,False
379800,4,KODEX 미국S&P500TR,11200,5,-140,-1.23,11159.0,-5.0649,185869,2083,4234,해외 주식,KODEX,False,False,False
251340,3,KODEX 코스닥150선물인버스,5025,5,-15,-0.3,5027.0,9.8039,29203379,147557,4166,국내 파생,KODEX,True,False,False
190620,6,KINDEX 단기통안채,100610,3,0,0.0,100603.0,0.2441,902,90,4122,채권,KINDEX,False,False,False
148070,6,KOSEF 국고채10년,111425,5,-180,-0.16,111462.0,1.4544,5674,632,4000,채권,KOSEF,False,False,False
385540,6,KBSTAR KIS종합채권(A-이상)액티브,95345,5,-160,-0.17,95296.0,0.7649,14,1,3988,채권,KBSTAR,False,False,False
367380,4,KINDEX 미국나스닥100,12025,5,-210,-1.72,11989.0,-6.3887,103415,1245,3932,해외 주식,KINDEX,False,False,False
364980,2,TIGER KRX2차전지K-뉴딜,12795,3,0,0.0,12819.0,-10.9232,584863,7505,3928,국내 업종/테마,TIGER,False,False,False
069660,1,KOSEF 200,31385,5,-175,-0.55,31475.0,-10.5924,9066,284,3907,국내 시장지수,KOSEF,False,False,False
314250,4,KODEX 미국FANG플러스(H),19830,5,-110,-0.55,19650.0,-15.4369,24163,476,3869,해외 주식,KODEX,False,False,True
371160,4,TIGER 차이나항셍테크,6520,5,-100,-1.51,6526.0,14.4338,482930,3162,3798,해외 주식,TIGER,False,False,False
329750,6,TIGER 미국달러단기채권액티브,11205,5,-55,-0.49,11203.0,6.7298,58823,660,3535,채권,TIGER,False,False,False
226490,1,KODEX 코스피,24020,5,-85,-0.35,24047.0,-11.2253,29929,718,3507,국내 시장지수,KODEX,False,False,False
379810,4,KODEX 미국나스닥100TR,10295,5,-180,-1.72,10273.0,-6.5567,208963,2153,3423,해외 주식,KODEX,False,False,False
385550,6,KBSTAR KIS단기종합채권(AA-이상)액티브,100760,5,-15,-0.01,100772.0,0.0943,2268727,228632,2996,채권,KBSTAR,False,False,False
401470,2,KODEX K-메타버스액티브,8180,5,-50,-0.61,8208.0,-20.3985,278493,2273,2896,국내 업종/테마,KODEX,False,False,False
400970,2,TIGER Fn메타버스,8090,5,-45,-0.55,8097.0,-23.9578,166231,1341,2876,국내 업종/테마,TIGER,False,False,False
367770,2,KBSTAR Fn수소경제테마,9145,2,125,1.39,9157.0,-10.0878,35459,322,2638,국내 업종/테마,KBSTAR,False,False,False
332940,1,HANARO MSCI Korea TR,12925,5,-65,-0.5,12933.0,-9.2244,62,0,2598,국내 시장지수,HANARO,False,False,False
414780,4,TIGER 차이나과창판STAR50(합성),8280,5,-65,-0.78,8407.0,7.0558,39396,327,2550,해외 주식,TIGER,False,False,False
290130,2,KBSTAR ESG사회책임투자,10610,5,-45,-0.42,10627.0,-9.6805,31469,332,2472,국내 업종/테마,KBSTAR,False,False,False
213610,2,KODEX 삼성그룹밸류,8035,5,-45,-0.56,8059.0,-8.4108,50252,404,2451,국내 업종/테마,KODEX,False,False,False
329200,2,TIGER 리츠부동산인프라,5360,3,0,0.0,5366.0,-14.9612,110601,594,2401,국내 업종/테마,TIGER,False,False,False
143850,4,TIGER 미국S&P500선물(H),45090,5,-455,-1.0,45088.0,-11.3307,213862,9637,2367,해외 주식,TIGER,False,False,True
394660,4,TIGER 글로벌자율주행&전기차SOLACTIVE,9430,5,-5,-0.05,9398.0,-6.1661,28234,266,2335,해외 주식,TIGER,False,False,False
364960,2,TIGER KRX BBIG K-뉴딜,7595,5,-30,-0.39,7603.0,-13.8419,343811,2615,2282,국내 업종/테마,TIGER,False,False,False
397410,6,KBSTAR 국채선물5년추종인버스,52965,5,-25,-0.05,52998.0,-0.4135,7,0,2263,채권,KBSTAR,True,False,False
379780,4,KBSTAR 미국S&P500,11050,5,-165,-1.47,11023.0,-5.1185,42340,468,2232,해외 주식,KBSTAR,False,False,False
217770,5,TIGER 원유선물인버스(H),3000,5,-105,-3.38,2991.0,-0.4808,5307544,15918,2219,원자재,TIGER,True,False,True
368590,4,KBSTAR 미국나스닥100,11660,5,-200,-1.69,11623.0,-6.5038,33605,392,2215,해외 주식,KBSTAR,False,False,False
192090,4,TIGER 차이나CSI300,10990,5,-65,-0.59,10990.0,5.0356,35074,384,2072,해외 주식,TIGER,False,False,False
091160,2,KODEX 반도체,27605,5,-265,-0.95,27634.0,-21.171,159104,4373,2029,국내 업종/테마,KODEX,False,False,False
168580,4,KINDEX 중국본토CSI300,29735,5,-65,-0.22,29630.0,4.8188,766,22,1992,해외 주식,KINDEX,False,False,False
282000,3,KBSTAR 국고채3년선물인버스,103370,5,-5,0.0,103443.0,-0.1931,12,1,1989,국내 파생,KBSTAR,True,False,False
407310,1,HANARO 200 TOP10,7960,2,40,0.51,7956.0,-4.4633,47,0,1938,국내 시장지수,HANARO,False,False,False
241180,4,TIGER 일본니케이225,15070,5,-140,-0.92,15134.0,-1.5216,7033,106,1848,해외 주식,TIGER,False,False,False
091170,2,KODEX 은행,5910,5,-20,-0.34,5922.0,-21.3737,826548,4899,1788,국내 업종/테마,KODEX,False,False,False
271050,5,KODEX WTI원유선물인버스(H),4305,5,-150,-3.37,4300.0,-0.1122,5453353,23497,1761,원자재,KODEX,True,False,True
132030,5,KODEX 골드선물(H),11440,5,-25,-0.22,11441.0,-14.5997,73637,841,1750,원자재,KODEX,False,False,True
228800,2,TIGER 여행레저,3780,5,-10,-0.26,3785.0,-26.4078,244327,918,1715,국내 업종/테마,TIGER,False,False,False
182480,7,TIGER 미국MSCI리츠(합성 H),13005,5,-195,-1.48,13077.0,-16.5877,60276,784,1710,기타,TIGER,False,False,False
325020,2,KODEX 배당가치,11170,5,-10,-0.09,11184.0,-11.3473,1380,15,1687,국내 업종/테마,KODEX,False,False,False
412770,4,TIGER 글로벌메타버스액티브,6670,5,-100,-1.48,6693.0,-14.2496,32703,218,1683,해외 주식,TIGER,False,False,False
161510,2,ARIRANG 고배당주,10800,5,-20,-0.18,10807.0,-13.6197,30930,334,1639,국내 업종/테마,ARIRANG,False,False,False
275980,4,TIGER 글로벌4차산업혁신기술(합성 H),14335,5,-160,-1.1,14355.0,-11.8845,11117,159,1631,해외 주식,TIGER,False,False,False
245710,4,KINDEX 베트남VN30(합성),19660,5,-265,-1.33,19621.0,-14.6499,8426,166,1612,해외 주식,KINDEX,False,False,False
302450,1,KBSTAR 코스피,24205,5,-95,-0.39,24222.0,-11.44,1553,37,1585,국내 시장지수,KBSTAR,False,False,False
401170,2,KBSTAR iSelect메타버스,7255,5,-75,-1.02,7269.0,-24.3785,51646,374,1579,국내 업종/테마,KBSTAR,False,False,False
295040,1,SOL 200TR,10885,5,-65,-0.59,10912.0,-10.5393,9081,98,1567,국내 시장지수,SOL,False,False,False
143860,2,TIGER 헬스케어,30580,2,185,0.61,30759.0,1.2997,19046,582,1560,국내 업종/테마,TIGER,False,False,False
329650,7,KODEX TRF3070,10780,5,-50,-0.46,10805.0,-1.8133,55762,601,1552,기타,KODEX,False,False,False
326240,2,KBSTAR IT플러스,16040,5,-115,-0.71,16036.0,-14.2152,172,2,1514,국내 업종/테마,KBSTAR,False,False,False
372330,4,KODEX 차이나항셍테크,6545,5,-105,-1.58,6541.0,14.3594,53598,351,1496,해외 주식,KODEX,False,False,False
363570,6,KODEX 장기종합채권(AA-이상)액티브KAP,87795,5,-475,-0.54,87821.0,1.999,24,2,1408,채권,KODEX,False,False,False
232080,1,TIGER 코스닥150,11340,2,55,0.49,11471.0,-11.9735,23742,268,1406,국내 시장지수,TIGER,False,False,False
409820,4,KODEX 미국나스닥100레버리지(합성 H),4920,5,-140,-2.77,4895.0,-26.2391,836162,4111,1368,해외 주식,KODEX,False,True,False
138540,2,TIGER 현대차그룹+펀더멘털,22175,2,330,1.51,22214.0,-2.7123,23279,514,1317,국내 업종/테마,TIGER,False,False,False
252710,3,TIGER 200선물인버스2X,3340,2,30,0.91,3341.0,22.1402,3188865,10673,1313,국내 파생,TIGER,True,False,False
328370,1,ARIRANG 코스피TR,12255,5,-45,-0.37,12259.0,-11.4152,569,6,1262,국내 시장지수,ARIRANG,False,False,False
219480,4,KODEX 미국S&P500선물(H),18480,5,-200,-1.07,18491.0,-11.6994,16417,303,1257,해외 주식,KODEX,False,False,True
228810,2,TIGER 미디어컨텐츠,6920,5,-40,-0.57,6925.0,-23.7094,211694,1463,1217,국내 업종/테마,TIGER,False,False,False
385560,6,KBSTAR KIS국고채30년Enhanced,77940,5,-1190,-1.5,78101.0,4.5517,13693,1063,1208,채권,KBSTAR,False,False,False
091230,2,TIGER 반도체,28285,5,-215,-0.75,28308.0,-21.4379,33119,933,1205,국내 업종/테마,TIGER,False,False,False
130730,6,KOSEF 단기자금,101305,5,-5,0.0,101306.0,0.1037,334,33,1185,채권,KOSEF,False,False,False
309230,4,KINDEX 미국WideMoat가치주,17135,5,-175,-1.01,17123.0,-4.4966,5855,100,1165,해외 주식,KINDEX,False,False,False
415340,4,KODEX 차이나과창판STAR50(합성),8285,5,-55,-0.66,8540.0,7.0603,803,6,1160,해외 주식,KODEX,False,False,False
273140,6,KODEX 단기변동금리부채권액티브,103685,3,0,0.0,103688.0,0.2901,155,16,1149,채권,KODEX,False,False,False
114260,6,KODEX 국고채3년,56435,5,-70,-0.12,56466.0,0.3819,4507,254,1145,채권,KODEX,False,False,False
332930,1,HANARO 200TR,38105,5,-145,-0.38,38197.0,-10.6518,47,1,1143,국내 시장지수,HANARO,False,False,False
411420,4,KODEX 미국메타버스나스닥액티브,6670,5,-110,-1.62,6649.0,-12.4597,27011,180,1141,해외 주식,KODEX,False,False,False
270810,1,KBSTAR 코스닥150,10985,2,45,0.41,11143.0,-12.6826,2412,26,1134,국내 시장지수,KBSTAR,False,False,False
150460,2,TIGER 중국소비테마,6760,2,20,0.3,6757.0,-15.1455,14528,97,1113,국내 업종/테마,TIGER,False,False,False
363510,6,SOL KIS단기통안채,101060,3,0,0.0,101072.0,0.2479,0,0,1111,채권,SOL,False,False,False
365780,6,KINDEX 국고채10년,88550,5,-55,-0.06,88603.0,1.2628,372,32,1044,채권,KINDEX,False,False,False
277630,1,TIGER 코스피,24430,2,10,0.04,24420.0,-11.6179,672,16,1014,국내 시장지수,TIGER,False,False,False
395170,2,KODEX Fn Top10동일가중,7285,2,10,0.14,7286.0,-6.7786,1086,7,1013,국내 업종/테마,KODEX,False,False,False
419430,4,KODEX 차이나2차전지MSCI(합성),11775,5,-245,-2.04,11883.0,34.6778,65797,778,1001,해외 주식,KODEX,False,False,False
283580,4,KODEX 차이나CSI300,13455,5,-135,-0.99,13437.0,4.6592,48181,650,996,해외 주식,KODEX,False,False,False
245360,4,TIGER 차이나HSCEI,9900,5,-145,-1.44,9928.0,6.1839,1382,13,980,해외 주식,TIGER,False,False,False
305080,6,TIGER 미국채10년선물,12095,5,-85,-0.7,12104.0,6.3755,54490,660,956,채권,TIGER,False,False,False
278240,3,KBSTAR 코스닥150선물레버리지,9260,2,85,0.93,9262.0,-24.5167,20164,183,946,국내 파생,KBSTAR,False,True,False
261240,7,KODEX 미국달러선물,11615,5,-45,-0.39,11611.0,6.9724,70613,821,942,기타,KODEX,False,False,False
261220,5,KODEX WTI원유선물(H),17385,2,565,3.36,17395.0,-4.5674,183620,3188,934,원자재,KODEX,False,False,True
304940,4,KODEX 미국나스닥100선물(H),15025,5,-205,-1.35,14968.0,-12.9217,26920,403,917,해외 주식,KODEX,False,False,True
245340,4,TIGER 미국다우존스30,20505,5,-235,-1.13,20487.0,-2.4689,3966,81,910,해외 주식,TIGER,False,False,False
417630,2,TIGER KEDI혁신기업ESG30,8900,5,-5,-0.06,8911.0,-13.0796,110986,986,903,국내 업종/테마,TIGER,False,False,False
204480,4,TIGER 차이나CSI300레버리지(합성),25660,5,-620,-2.36,25901.0,6.0104,34195,882,903,해외 주식,TIGER,False,True,False
367760,2,KBSTAR Fn5G테크,7935,5,-55,-0.69,7947.0,-18.0345,4332,34,889,국내 업종/테마,KBSTAR,False,False,False
414270,4,KINDEX G2전기차&자율주행액티브,9880,5,-105,-1.05,9915.0,7.539,119271,1190,850,해외 주식,KINDEX,False,False,False
123310,3,TIGER 인버스,5490,2,35,0.64,5486.0,11.213,1418785,7788,829,국내 파생,TIGER,True,False,False
364970,2,TIGER KRX바이오K-뉴딜,7040,3,0,0.0,7050.0,3.6818,554194,3919,827,국내 업종/테마,TIGER,False,False,False
272560,6,KBSTAR 단기국공채액티브,102400,2,10,0.01,102404.0,0.0146,953,97,797,채권,KBSTAR,False,False,False
139220,2,TIGER 200 건설,2365,3,0,0.0,2365.0,-19.4208,37351,88,794,국내 업종/테마,TIGER,False,False,False
267770,3,TIGER 200선물레버리지,11195,5,-115,-1.02,11211.0,-21.3491,623997,6980,784,국내 파생,TIGER,False,True,False
395750,2,ARIRANG ESG가치주액티브,7495,5,-25,-0.33,7489.0,-13.0837,655,4,779,국내 업종/테마,ARIRANG,False,False,False
400570,4,KODEX 유럽탄소배출권선물ICE(H),13275,5,-65,-0.49,13389.0,5.6633,16986,225,777,해외 주식,KODEX,False,False,True
139280,2,TIGER 경기방어,9660,2,25,0.26,9656.0,-3.65,375,3,773,국내 업종/테마,TIGER,False,False,False
337160,2,KODEX 200ESG,11620,5,-65,-0.56,11635.0,-10.3361,230,2,767,국내 업종/테마,KODEX,False,False,False
390950,6,HANARO 단기채권액티브,100715,5,-10,-0.01,100743.0,0.1591,307458,30974,745,채권,HANARO,False,False,False
144600,5,KODEX 은선물(H),3765,5,-25,-0.66,3768.0,-28.4906,232610,873,742,원자재,KODEX,False,False,True
322400,2,HANARO e커머스,13085,5,-95,-0.72,13110.0,-17.6045,410,5,733,국내 업종/테마,HANARO,False,False,False
325010,2,KODEX Fn성장,13205,5,-105,-0.79,13242.0,-11.8076,129,1,726,국내 업종/테마,KODEX,False,False,False
174360,4,KBSTAR 중국본토대형주CSI100,19950,5,-245,-1.21,20074.0,4.4749,1422,28,718,해외 주식,KBSTAR,False,False,False
363580,2,KODEX 200IT TR,10670,5,-100,-0.93,10668.0,-12.1892,710,7,715,국내 업종/테마,KODEX,False,False,False
371470,4,TIGER 차이나바이오테크SOLACTIVE,8420,5,-110,-1.29,8458.0,6.8252,25354,213,677,해외 주식,TIGER,False,False,False
114820,6,TIGER 국채3년,106405,5,-80,-0.08,106429.0,0.4632,2220,236,670,채권,TIGER,False,False,False
195980,4,ARIRANG 신흥국MSCI(합성 H),9305,2,15,0.16,9254.0,-11.6921,9507,88,668,해외 주식,ARIRANG,False,False,False
385510,2,KODEX K-신재생에너지액티브,9540,2,165,1.76,9559.0,-13.0254,21632,205,668,국내 업종/테마,KODEX,False,False,False
157490,2,TIGER 소프트웨어,10255,3,0,0.0,10249.0,-22.0153,47352,483,660,국내 업종/테마,TIGER,False,False,False
298770,4,KODEX 한국대만IT프리미어,16805,5,-180,-1.06,16749.0,-7.464,963,16,655,해외 주식,KODEX,False,False,False
152870,1,파워 200,31880,5,-135,-0.42,31914.0,-10.5502,44,1,654,국내 시장지수,파워,False,False,False
390390,4,KODEX 미국반도체MV,9560,5,-170,-1.75,9547.0,-3.1841,19328,185,641,해외 주식,KODEX,False,False,False
396510,4,TIGER 차이나클린에너지SOLACTIVE,10760,5,-270,-2.45,10793.0,20.3491,37257,403,637,해외 주식,TIGER,False,False,False
422420,2,KBSTAR 2차전지액티브,8720,2,45,0.52,8738.0,-13.9385,113837,993,633,국내 업종/테마,KBSTAR,False,False,False
228790,2,TIGER 화장품,2225,5,-25,-1.11,2231.0,-25.0,141697,315,626,국내 업종/테마,TIGER,False,False,False
200250,4,KOSEF 인도Nifty50(합성),17750,2,160,0.91,17739.0,-5.2263,15366,271,621,해외 주식,KOSEF,False,False,False
225040,4,TIGER 미국S&P500레버리지(합성 H),23470,5,-460,-1.92,23378.0,-23.3995,7140,167,620,해외 주식,TIGER,False,True,False
385520,2,KODEX K-미래차액티브,9370,3,0,0.0,9394.0,-10.762,4997,46,618,국내 업종/테마,KODEX,False,False,False
302190,6,TIGER 중장기국채,48970,5,-10,-0.02,48985.0,0.6059,1578,77,617,채권,TIGER,False,False,False
266160,2,KBSTAR 고배당,10800,5,-35,-0.32,10804.0,-12.4303,34973,377,616,국내 업종/테마,KBSTAR,False,False,False
139230,2,TIGER 200 중공업,2810,5,-10,-0.35,2806.0,-14.0244,251706,707,615,국내 업종/테마,TIGER,False,False,False
117700,2,KODEX 건설,2610,5,-5,-0.19,2615.0,-20.2744,220834,577,595,국내 업종/테마,KODEX,False,False,False
391600,4,KINDEX 미국친환경그린테마INDXX,9700,5,-45,-0.46,9761.0,-3.9902,236,2,582,해외 주식,KINDEX,False,False,False
396500,2,TIGER Fn반도체TOP10,7310,5,-85,-1.15,7315.0,-16.7511,128128,934,581,국내 업종/테마,TIGER,False,False,False
423920,4,TIGER 미국필라델피아반도체레버리지(합성),8425,5,-285,-3.27,8398.0,,189969,1613,574,해외 주식,TIGER,False,True,False
388280,2,KBSTAR Fn컨택트대표,7625,5,-55,-0.72,7656.0,-19.5138,1270,9,567,국내 업종/테마,KBSTAR,False,False,False
354350,4,HANARO 글로벌럭셔리S&P(합성),15280,2,130,0.86,15307.0,-11.9698,73485,1130,552,해외 주식,HANARO,False,False,False
402970,4,KINDEX 미국고배당S&P,10280,5,-120,-1.15,10289.0,-2.3933,25161,258,545,해외 주식,KINDEX,False,False,False
387270,4,TIGER 글로벌BBIG액티브,9955,5,-125,-1.24,9938.0,-4.1826,1331,13,542,해외 주식,TIGER,False,False,False
195930,4,TIGER 유로스탁스50(합성 H),11970,5,-70,-0.58,12193.0,-6.7029,5310,63,539,해외 주식,TIGER,False,False,False
310960,1,TIGER 200TR,17055,5,-85,-0.5,17099.0,-10.6361,85,1,529,국내 시장지수,TIGER,False,False,False
256750,4,KODEX 차이나심천ChiNext(합성),12810,5,-375,-2.84,12956.0,13.3705,1781,23,525,해외 주식,KODEX,False,False,False
099140,4,KODEX 차이나H,17155,5,-80,-0.46,17114.0,5.7686,1851,31,515,해외 주식,KODEX,False,False,False
233160,3,TIGER 코스닥150 레버리지,9350,2,80,0.86,9361.0,-25.091,78814,731,510,국내 파생,TIGER,False,True,False
397420,6,KBSTAR 국채선물5년추종,47725,5,-35,-0.07,47709.0,0.9405,2,0,507,채권,KBSTAR,False,False,False
419890,6,히어로즈 단기채권ESG액티브,99595,3,0,0.0,99615.0,-0.1604,0,0,498,채권,히어로즈,False,False,False
122260,6,KOSEF 통안채1년,100870,5,-15,-0.01,100872.0,-0.1139,18,1,494,채권,KOSEF,False,False,False
387280,2,TIGER 퓨처모빌리티액티브,8720,2,70,0.81,8701.0,-16.787,907,7,487,국내 업종/테마,TIGER,False,False,False
411540,1,SOL 200 Top10,8135,2,10,0.12,8136.0,-4.468,1225,9,480,국내 시장지수,SOL,False,False,False
269540,4,ARIRANG 미국S&P500(H),16325,5,-190,-1.15,16287.0,-10.1714,11599,189,473,해외 주식,ARIRANG,False,False,True
315960,2,KBSTAR 대형고배당10TR,13665,5,-35,-0.26,13666.0,-6.6122,10781,147,471,국내 업종/테마,KBSTAR,False,False,False
400590,4,SOL 글로벌탄소배출권선물IHS(합성),12285,5,-55,-0.45,12360.0,2.8333,14266,175,467,해외 주식,SOL,False,False,False
204450,4,KODEX 차이나H레버리지(H),2745,5,-40,-1.44,2740.0,-4.9489,183877,503,467,해외 주식,KODEX,False,True,True
276970,4,KODEX 미국S&P고배당커버드콜(합성 H),9200,5,-80,-0.86,9176.0,-8.7961,6676,61,460,해외 주식,KODEX,False,False,False
261260,7,KODEX 미국달러선물인버스2X,7130,2,50,0.71,7129.0,-12.9152,163789,1162,458,기타,KODEX,True,False,False
371450,4,TIGER 글로벌클라우드컴퓨팅INDXX,7755,5,-90,-1.15,7736.0,-16.8081,7428,57,447,해외 주식,TIGER,False,False,False
368190,2,HANARO Fn K-뉴딜디지털플러스,8480,5,-35,-0.41,8495.0,-8.8721,714,6,428,국내 업종/테마,HANARO,False,False,False
225800,7,KOSEF 미국달러선물레버리지,11705,5,-95,-0.81,11698.0,13.8446,2061,24,426,기타,KOSEF,False,True,False
256440,4,KINDEX 인도네시아MSCI(합성),9675,5,-25,-0.26,9796.0,-7.6631,1261,12,426,해외 주식,KINDEX,False,False,False
123320,3,TIGER 레버리지,14160,5,-130,-0.91,14182.0,-21.3539,76015,1074,425,국내 파생,TIGER,False,True,False
203780,4,TIGER 미국나스닥바이오,18740,5,-645,-3.33,18708.0,1.9726,11920,224,416,해외 주식,TIGER,False,False,False
244580,2,KODEX 바이오,9720,5,-10,-0.1,9845.0,4.7926,133875,1307,412,국내 업종/테마,KODEX,False,False,False
361580,1,KBSTAR 200TR,16475,5,-85,-0.51,16510.0,-10.6556,5669,93,412,국내 시장지수,KBSTAR,False,False,False
136340,6,KBSTAR 중기우량회사채,101840,5,-160,-0.16,101880.0,-0.3177,916,93,406,채권,KBSTAR,False,False,False
385720,1,TIMEFOLIO Kstock액티브,7950,2,10,0.13,7958.0,-14.5778,111,0,405,국내 시장지수,TIMEFOLIO,False,False,False
359210,1,KODEX 코스피TR,11190,5,-55,-0.49,11213.0,-11.5612,148,1,403,국내 시장지수,KODEX,False,False,False
356540,6,KINDEX 종합채권(AA-이상)KIS액티브,93310,5,-185,-0.2,93298.0,0.4674,4,0,402,채권,KINDEX,False,False,False
418660,4,TIGER 미국나스닥100레버리지(합성),8410,5,-315,-3.61,8363.0,-14.9611,968797,8173,391,해외 주식,TIGER,False,True,False
138230,7,KOSEF 미국달러선물,13770,5,-60,-0.43,13775.0,6.9605,7095,97,383,기타,KOSEF,False,False,False
300640,2,KBSTAR 게임테마,11750,2,40,0.34,11752.0,-25.0369,4223,49,382,국내 업종/테마,KBSTAR,False,False,False
341850,7,TIGER 리츠부동산인프라채권TR KIS,5245,5,-15,-0.29,5249.0,-10.1009,1247,6,380,기타,TIGER,False,False,False
102970,2,KODEX 증권,5740,5,-70,-1.2,5742.0,-20.8447,88208,507,379,국내 업종/테마,KODEX,False,False,False
365000,2,TIGER KRX인터넷K-뉴딜,5775,5,-60,-1.03,5774.0,-29.952,139445,803,378,국내 업종/테마,TIGER,False,False,False
411060,5,KINDEX KRX금현물,10470,5,-30,-0.29,10426.0,-7.6111,13007,136,377,원자재,KINDEX,False,False,False
117680,2,KODEX 철강,7090,2,60,0.85,7092.0,-25.165,66236,469,372,국내 업종/테마,KODEX,False,False,False
114460,6,KINDEX 국고채3년,102555,5,-75,-0.07,102590.0,0.4512,890,91,369,채권,KINDEX,False,False,False
261270,7,KODEX 미국달러선물인버스,8715,2,30,0.35,8721.0,-6.613,50665,440,369,기타,KODEX,True,False,False
407830,4,에셋플러스 글로벌플랫폼액티브,5875,5,-30,-0.51,5864.0,-18.8317,8203,48,364,해외 주식,에셋플러스,False,False,False
252420,3,KBSTAR 200선물인버스2X,3175,2,20,0.63,3180.0,22.0502,205785,654,362,국내 파생,KBSTAR,True,False,False
279530,2,KODEX 고배당,8985,2,20,0.22,8989.0,-11.8226,4809,43,359,국내 업종/테마,KODEX,False,False,False
114470,6,KOSEF 국고채3년,108030,5,-115,-0.11,108067.0,0.5027,855,92,356,채권,KOSEF,False,False,False
394350,4,KOSEF 릭소글로벌퓨처모빌리티MSCI,9570,2,35,0.37,9546.0,-5.5474,274,2,354,해외 주식,KOSEF,False,False,False
227540,2,TIGER 200 헬스케어,19200,2,200,1.05,19215.0,-1.5545,4409,84,353,국내 업종/테마,TIGER,False,False,False
284430,6,KODEX 200미국채혼합,12160,5,-80,-0.65,12143.0,-0.73,12781,155,350,채권,KODEX,False,False,False
292190,1,KODEX KRX300,14590,5,-55,-0.38,14601.0,-10.723,17917,260,350,국내 시장지수,KODEX,False,False,False
225030,4,TIGER 미국S&P500선물인버스(H),4205,2,55,1.33,4199.0,10.6666,11730,49,336,해외 주식,TIGER,True,False,True
376410,2,TIGER 탄소효율그린뉴딜,7750,5,-35,-0.45,7769.0,-10.4452,243,1,333,국내 업종/테마,TIGER,False,False,False
137610,5,TIGER 농산물선물Enhanced(H),7535,2,160,2.17,7450.0,-17.1349,36463,273,332,원자재,TIGER,False,False,True
108450,2,KINDEX 삼성그룹섹터가중,13805,5,-130,-0.93,13853.0,-8.2379,4846,66,331,국내 업종/테마,KINDEX,False,False,False
152380,6,KODEX 국채선물10년,64035,5,-125,-0.19,64066.0,1.4387,4866,311,327,채권,KODEX,False,False,False
266360,2,KODEX 미디어&엔터테인먼트,14615,5,-15,-0.1,14600.0,-23.5992,3328,48,322,국내 업종/테마,KODEX,False,False,False
130680,5,TIGER 원유선물Enhanced(H),5260,2,150,2.94,5266.0,-3.7665,465432,2448,321,원자재,TIGER,False,False,True
404260,2,KODEX KRX기후변화솔루션,8430,5,-5,-0.06,8491.0,-5.0327,224,1,320,국내 업종/테마,KODEX,False,False,False
336160,6,KBSTAR 금융채액티브,99745,5,-140,-0.14,99747.0,-0.3691,2,0,319,채권,KBSTAR,False,False,False
332500,1,KINDEX 200TR,19520,5,-140,-0.71,19598.0,-10.4736,10386,202,312,국내 시장지수,KINDEX,False,False,False
266370,2,KODEX IT,16140,5,-145,-0.89,16162.0,-13.4146,1154,18,307,국내 업종/테마,KODEX,False,False,False
304780,3,HANARO 200선물레버리지,16275,5,-75,-0.46,16223.0,-21.2997,387,6,301,국내 파생,HANARO,False,True,False
381560,2,HANARO Fn전기&수소차,7575,2,15,0.2,7596.0,-10.8491,3306,25,299,국내 업종/테마,HANARO,False,False,False
326230,2,KBSTAR 내수주플러스,8090,5,-35,-0.43,8122.0,-11.9433,990,8,296,국내 업종/테마,KBSTAR,False,False,False
404540,2,TIGER KRX기후변화솔루션,8500,2,5,0.06,8534.0,-5.0096,44,0,293,국내 업종/테마,TIGER,False,False,False
306520,3,HANARO 200선물인버스,11360,2,40,0.35,11357.0,11.0893,1416,16,290,국내 파생,HANARO,True,False,False
248270,4,TIGER S&P글로벌헬스케어(합성),19265,5,-450,-2.28,19213.0,0.1524,2282,44,289,해외 주식,TIGER,False,False,False
304660,6,KODEX 미국채울트라30년선물(H),9820,5,-110,-1.11,9810.0,-3.4986,43274,424,285,채권,KODEX,False,False,True
266420,2,KODEX 헬스케어,13360,2,105,0.79,13450.0,1.3379,7794,104,281,국내 업종/테마,KODEX,False,False,False
332620,6,ARIRANG 미국장기우량회사채,92420,5,-470,-0.51,91321.0,3.2283,410,37,277,채권,ARIRANG,False,False,False
304770,1,HANARO 코스닥150,11050,2,35,0.32,11200.0,-12.2241,76,0,276,국내 시장지수,HANARO,False,False,False
169950,4,KODEX 차이나A50,21245,5,-285,-1.32,21418.0,4.7433,855,18,276,해외 주식,KODEX,False,False,False
399110,4,SOL 미국S&P500ESG,9855,5,-135,-1.35,9823.0,-5.0381,1784,17,276,해외 주식,SOL,False,False,False
337140,2,KODEX 코스피대형주,11475,5,-45,-0.39,11477.0,-10.4548,22,0,275,국내 업종/테마,KODEX,False,False,False
250780,3,TIGER 코스닥150선물인버스,5140,5,-25,-0.48,5142.0,9.6602,354644,1833,275,국내 파생,TIGER,True,False,False
236350,4,TIGER 인도니프티50레버리지(합성),22535,5,-25,-0.11,22660.0,-8.0685,2441,54,275,해외 주식,TIGER,False,True,False
219390,4,KBSTAR 미국S&P원유생산기업(합성 H),5545,2,75,1.37,5457.0,-16.3609,144045,796,274,해외 주식,KBSTAR,False,False,False
267450,6,KBSTAR 미국장기국채선물인버스(H),9110,2,80,0.89,9108.0,-0.4411,1157,10,273,채권,KBSTAR,True,False,True
243880,2,TIGER 200IT레버리지,33665,5,-625,-1.82,33652.0,-25.1719,2356,79,269,국내 업종/테마,TIGER,False,True,False
287180,4,ARIRANG 미국나스닥테크,19865,5,-365,-1.8,19856.0,-7.752,1174,23,268,해외 주식,ARIRANG,False,False,False
434960,1,대신343 K200,31350,5,-190,-0.6,31447.0,,25380,796,266,국내 시장지수,대신343,False,False,False
239660,6,ARIRANG 우량회사채50 1년,108650,5,-25,-0.02,108649.0,0.1566,447,48,261,채권,ARIRANG,False,False,False
210780,2,TIGER 코스피고배당,12930,2,20,0.15,12939.0,-16.9775,2797,36,260,국내 업종/테마,TIGER,False,False,False
332610,6,ARIRANG 미국단기우량회사채,108175,5,-330,-0.3,107590.0,7.1336,117,12,249,채권,ARIRANG,False,False,False
375770,2,KODEX 탄소효율그린뉴딜,7755,5,-15,-0.19,7767.0,-10.5148,11804,91,248,국내 업종/테마,KODEX,False,False,False
217780,4,TIGER 차이나CSI300인버스(합성),7750,2,115,1.51,7681.0,-5.857,3368,25,248,해외 주식,TIGER,True,False,False
396520,4,TIGER 차이나반도체FACTSET,7295,5,-115,-1.55,7315.0,0.8163,8028,58,245,해외 주식,TIGER,False,False,False
269420,4,KODEX S&P글로벌인프라(합성),13830,5,-60,-0.43,13851.0,-3.6755,2305,32,244,해외 주식,KODEX,False,False,False
388420,2,KBSTAR 비메모리반도체액티브,7670,5,-90,-1.16,7682.0,-23.8768,20719,158,241,국내 업종/테마,KBSTAR,False,False,False
138520,2,TIGER 삼성그룹펀더멘털,10125,5,-20,-0.2,10141.0,-6.7727,776,7,235,국내 업종/테마,TIGER,False,False,False
395760,2,ARIRANG ESG성장주액티브,7410,5,-65,-0.87,7434.0,-12.7059,18162,134,233,국내 업종/테마,ARIRANG,False,False,False
319640,4,TIGER 골드선물(H),12245,5,-40,-0.33,12249.0,-14.3007,6358,77,233,해외 주식,TIGER,False,False,True
385590,2,KINDEX ESG액티브,7040,3,0,0.0,7033.0,-15.5065,14,0,232,국내 업종/테마,KINDEX,False,False,False
409810,4,KODEX 미국나스닥100선물인버스(H),12905,2,195,1.53,12962.0,11.0528,18850,243,232,해외 주식,KODEX,True,False,True
428560,4,KODEX 미국ETF산업Top10 Indxx,10260,5,-145,-1.39,10255.0,,1701,17,231,해외 주식,KODEX,False,False,False
114100,6,KBSTAR 국고채3년,108645,5,-125,-0.11,108677.0,0.5463,861,93,228,채권,KBSTAR,False,False,False
365040,1,TIGER AI코리아그로스액티브,10800,5,-25,-0.23,10823.0,-11.9203,8,0,227,국내 시장지수,TIGER,False,False,False
385600,2,KINDEX 친환경자동차밸류체인액티브,8895,2,105,1.19,8931.0,-13.6034,1201,10,222,국내 업종/테마,KINDEX,False,False,False
377990,2,TIGER Fn신재생에너지,8235,2,95,1.17,8230.0,-9.5456,33898,278,222,국내 업종/테마,TIGER,False,False,False
139270,2,TIGER 200 금융,5705,5,-25,-0.44,5711.0,-18.9534,11195,64,221,국내 업종/테마,TIGER,False,False,False
280930,4,KODEX 미국러셀2000(H),11275,5,-30,-0.27,11230.0,-12.9381,94,1,220,해외 주식,KODEX,False,False,True
364990,2,TIGER KRX게임K-뉴딜,6755,3,0,0.0,6764.0,-22.7471,75008,508,216,국내 업종/테마,TIGER,False,False,False
276650,4,KBSTAR 글로벌4차산업IT(합성 H),17780,5,-285,-1.58,17764.0,-12.2846,314,5,213,해외 주식,KBSTAR,False,False,False
329660,7,KODEX TRF5050,11760,5,-60,-0.51,11727.0,-2.7961,189,2,212,기타,KODEX,False,False,False
252000,1,TIGER 200동일가중,10505,2,15,0.14,10528.0,-14.507,1,0,210,국내 시장지수,TIGER,False,False,False
218420,4,KODEX 미국S&P에너지(합성),10700,2,240,2.29,10799.0,-9.5938,22618,242,208,해외 주식,KODEX,False,False,False
277540,4,KINDEX 아시아TOP50S&P,12555,5,-55,-0.44,12531.0,-1.253,101,1,207,해외 주식,KINDEX,False,False,False
237370,7,KODEX 배당성장채권혼합,11325,2,5,0.04,11347.0,-4.834,410,4,204,기타,KODEX,False,False,False
160580,5,TIGER 구리실물,8615,2,135,1.59,8782.0,-26.9596,4290,37,202,원자재,TIGER,False,False,False
230480,7,KOSEF 미국달러선물인버스2X,6260,2,40,0.64,6266.0,-12.8852,9595,59,202,기타,KOSEF,True,False,False
329670,7,KODEX TRF7030,12595,5,-115,-0.9,12613.0,-4.5438,1065,13,202,기타,KODEX,False,False,False
117460,2,KODEX 에너지화학,14365,2,165,1.16,14382.0,-12.5293,3824,54,201,국내 업종/테마,KODEX,False,False,False
261250,7,KODEX 미국달러선물레버리지,12275,5,-95,-0.77,12273.0,13.7471,196496,2428,200,기타,KODEX,False,True,False
395290,2,HANARO Fn K-POP&미디어,7690,5,-30,-0.39,7696.0,-22.2402,20286,155,200,국내 업종/테마,HANARO,False,False,False
385710,2,TIMEFOLIO 이노베이션액티브,7760,2,5,0.06,7784.0,-14.5926,94,0,194,국내 업종/테마,TIMEFOLIO,False,False,False
426150,6,WOORI 대한민국국고채액티브,50830,5,-280,-0.55,50855.0,,23,1,193,채권,WOORI,False,False,False
174350,2,TIGER 로우볼,10905,5,-40,-0.37,10936.0,-10.3163,1,0,192,국내 업종/테마,TIGER,False,False,False
140710,2,KODEX 운송,5315,2,15,0.28,5319.0,-13.8072,20012,106,191,국내 업종/테마,KODEX,False,False,False
292160,1,TIGER KRX300,14630,3,0,0.0,14612.0,-10.7111,0,0,190,국내 시장지수,TIGER,False,False,False
265690,4,KINDEX 러시아MSCI(합성),10070,3,0,0.0,514.0,0.0,0,0,186,해외 주식,KINDEX,False,False,False
168300,1,KTOP 코스피50,21995,5,-15,-0.07,21968.0,-10.009,101,2,185,국내 시장지수,KTOP,False,False,False
181480,7,KINDEX 미국다우존스리츠(합성 H),83640,5,-925,-1.09,83537.0,-14.4166,23,1,184,기타,KINDEX,False,False,False
401590,4,HANARO 글로벌탄소배출권선물ICE(합성),12100,5,-70,-0.58,12175.0,2.8305,3384,40,182,해외 주식,HANARO,False,False,False
308620,6,KODEX 미국채10년선물,11895,5,-65,-0.54,11879.0,6.3111,7325,87,178,채권,KODEX,False,False,False
300950,2,KODEX 게임산업,8830,5,-5,-0.06,8830.0,-23.8756,27420,241,177,국내 업종/테마,KODEX,False,False,False
252400,3,KBSTAR 200선물레버리지,13490,5,-135,-0.99,13490.0,-21.1288,2989,40,175,국내 파생,KBSTAR,False,True,False
140700,2,KODEX 보험,6325,2,45,0.72,6341.0,-13.4868,44936,283,171,국내 업종/테마,KODEX,False,False,False
395280,2,HANARO Fn K-게임,5415,5,-10,-0.18,5419.0,-23.6776,648,3,171,국내 업종/테마,HANARO,False,False,False
237350,1,KODEX 코스피100,24260,5,-110,-0.45,24290.0,-9.9842,6572,159,170,국내 시장지수,KODEX,False,False,False
395160,2,KODEX Fn시스템반도체,7335,5,-60,-0.81,7346.0,-18.4226,5745,41,169,국내 업종/테마,KODEX,False,False,False
352560,7,KODEX 다우존스미국리츠(H),12790,5,-155,-1.2,12753.0,-14.0724,883,11,166,기타,KODEX,False,False,True
271060,5,KODEX 3대농산물선물(H),12240,2,90,0.74,12225.0,-19.696,21512,264,165,원자재,KODEX,False,False,True
360140,2,KODEX 200롱코스닥150숏선물,10305,5,-70,-0.67,10326.0,-0.7178,1,0,165,국내 업종/테마,KODEX,False,False,False
400580,4,SOL 유럽탄소배출권선물S&P(H),13485,5,-45,-0.33,13558.0,7.2107,2495,33,162,해외 주식,SOL,False,False,True
213630,4,ARIRANG 미국다우존스고배당주(합성 H),15470,5,-100,-0.64,15492.0,-8.8141,1657,25,159,해외 주식,ARIRANG,False,False,False
289260,2,TIGER MSCI KOREA ESG리더스,8490,5,-40,-0.47,8515.0,-13.2778,87,0,158,국내 업종/테마,TIGER,False,False,False
211900,2,KODEX 배당성장,12440,2,10,0.08,12486.0,-15.5858,1300,16,156,국내 업종/테마,KODEX,False,False,False
354500,1,KINDEX 코스닥150,11105,2,20,0.18,11234.0,-13.4931,461,5,155,국내 시장지수,KINDEX,False,False,False
276990,4,KODEX 글로벌4차산업로보틱스(합성),14220,5,-65,-0.46,14151.0,-7.8982,3484,49,155,해외 주식,KODEX,False,False,False
102960,2,KODEX 기계장비,4950,5,-25,-0.5,4949.0,-11.2242,4277,21,154,국내 업종/테마,KODEX,False,False,False
139250,2,TIGER 200 에너지화학,14805,2,175,1.2,14805.0,-12.0741,5228,77,154,국내 업종/테마,TIGER,False,False,False
251590,2,ARIRANG 고배당저변동50,10535,5,-15,-0.14,10564.0,-9.302,1188,12,153,국내 업종/테마,ARIRANG,False,False,False
300610,2,TIGER K게임,10065,2,35,0.35,10055.0,-25.0038,1053,10,151,국내 업종/테마,TIGER,False,False,False
253250,3,KOSEF 200선물레버리지,13320,5,-135,-1.0,13330.0,-21.2237,8165,108,151,국내 파생,KOSEF,False,True,False
289040,2,KODEX MSCI KOREA ESG유니버설,9390,5,-15,-0.16,9373.0,-10.9544,32,0,150,국내 업종/테마,KODEX,False,False,False
373790,4,KOSEF 미국방어배당성장나스닥,13350,5,-255,-1.87,13306.0,-1.3488,2801,37,147,해외 주식,KOSEF,False,False,False
292730,1,FOCUS KRX300,14675,3,0,0.0,14693.0,-10.8445,0,0,147,국내 시장지수,FOCUS,False,False,False
245350,4,TIGER 유로스탁스배당30,10445,5,-5,-0.05,10530.0,-11.3957,998,10,146,해외 주식,TIGER,False,False,False
266410,2,KODEX 필수소비재,7175,2,5,0.07,7177.0,-10.8653,3661,26,144,국내 업종/테마,KODEX,False,False,False
153270,1,KOSEF 코스피100,23705,5,-95,-0.4,23724.0,-10.3781,115,2,142,국내 시장지수,KOSEF,False,False,False
182490,6,TIGER 단기선진하이일드(합성 H),11570,3,0,0.0,11616.0,-4.5774,1,0,139,채권,TIGER,False,False,False
411720,4,KBSTAR 글로벌메타버스Moorgate,7705,5,-100,-1.28,7795.0,-8.1765,320,2,139,해외 주식,KBSTAR,False,False,False
183700,7,KBSTAR 채권혼합,57645,2,30,0.05,57633.0,-3.0263,4,0,138,기타,KBSTAR,False,False,False
433330,4,SOL 미국S&P500,10590,5,-135,-1.26,10554.0,,32741,347,138,해외 주식,SOL,False,False,False
122090,1,ARIRANG 코스피50,21785,5,-85,-0.39,21744.0,-9.9926,55,1,137,국내 시장지수,ARIRANG,False,False,False
411050,4,KINDEX 글로벌메타버스테크액티브,6795,5,-65,-0.95,6804.0,-14.0351,177,1,136,해외 주식,KINDEX,False,False,False
227830,1,ARIRANG 코스피,24645,5,-40,-0.16,24617.0,-11.7858,45,1,136,국내 시장지수,ARIRANG,False,False,False
253160,3,ARIRANG 200선물인버스2X,6425,2,65,1.02,6421.0,21.6061,83845,540,135,국내 파생,ARIRANG,True,False,False
253290,7,KBSTAR 헬스케어채권혼합,11185,5,-5,-0.04,11193.0,0.539,2269,25,134,기타,KBSTAR,False,False,False
241390,7,KBSTAR V&S셀렉트밸류채권혼합,11035,2,85,0.78,11042.0,-6.4743,7392,81,132,기타,KBSTAR,False,False,False
295020,6,KBSTAR 국채선물10년인버스,52075,2,40,0.08,52095.0,-1.1963,6,0,132,채권,KBSTAR,True,False,False
433970,7,KODEX TDF2030액티브,10150,5,-15,-0.15,10191.0,,7777,78,132,기타,KODEX,False,False,False
360150,2,KODEX 코스닥150롱코스피200숏선물,8750,2,65,0.75,8791.0,-0.3443,764,6,131,국내 업종/테마,KODEX,False,False,False
331910,2,KOSEF Fn중소형,19840,2,120,0.61,19829.0,-17.8197,45,0,131,국내 업종/테마,KOSEF,False,False,False
276000,4,TIGER 글로벌자원생산기업(합성 H),13660,2,145,1.07,13763.0,-23.4495,1702,23,130,해외 주식,TIGER,False,False,False
422260,2,VITA MZ소비액티브,7615,5,-15,-0.2,7708.0,-24.7906,99396,757,129,국내 업종/테마,VITA,False,False,False
285690,2,FOCUS ESG리더스,9465,2,25,0.26,9485.0,-12.73,16,0,128,국내 업종/테마,FOCUS,False,False,False
419420,4,KODEX 미국클린에너지나스닥,9105,5,-65,-0.71,9237.0,-4.1297,3255,29,127,해외 주식,KODEX,False,False,False
223190,2,KODEX 200가치저변동,9045,5,-60,-0.66,9069.0,-11.266,229,2,127,국내 업종/테마,KODEX,False,False,False
413220,4,SOL 차이나태양광CSI(합성),10500,5,-270,-2.51,10522.0,35.6423,21601,229,126,해외 주식,SOL,False,False,False
429760,4,ARIRANG 미국S&P500,9650,5,-145,-1.48,9636.0,,2829,27,125,해외 주식,ARIRANG,False,False,False
278620,6,ARIRANG 단기채권액티브,105975,3,0,0.0,105998.0,-0.0048,0,0,125,채권,ARIRANG,False,False,False
238720,4,KINDEX 일본Nikkei225(H),17815,5,-85,-0.47,17798.0,1.3016,67,1,125,해외 주식,KINDEX,False,False,True
289670,6,ARIRANG 국채선물10년,51845,5,-55,-0.11,51825.0,1.6252,1440,74,124,채권,ARIRANG,False,False,False
227570,2,TIGER 우량가치,9905,2,25,0.25,9910.0,-15.0765,54,0,122,국내 업종/테마,TIGER,False,False,False
292560,7,TIGER 일본엔선물,9350,2,5,0.05,9345.0,-2.0954,19427,181,122,기타,TIGER,False,False,False
211560,2,TIGER 배당성장,15480,5,-30,-0.19,15539.0,-15.6424,1088,16,121,국내 업종/테마,TIGER,False,False,False
404120,2,TIMEFOLIO 탄소중립액티브,8015,2,95,1.2,8052.0,-10.0,3,0,120,국내 업종/테마,TIMEFOLIO,False,False,False
322410,2,HANARO 고배당,9960,5,-25,-0.25,9959.0,-12.0342,158,1,120,국내 업종/테마,HANARO,False,False,False
196030,4,KINDEX 일본TOPIX레버리지(H),19865,2,170,0.86,19914.0,-0.2027,157,3,119,해외 주식,KINDEX,False,True,True
412570,2,TIGER KRX2차전지K-뉴딜레버리지,5405,5,-45,-0.83,5440.0,-22.5303,32181,175,119,국내 업종/테마,TIGER,False,True,False
426030,4,TIMEFOLIO 미국나스닥100액티브,9835,5,-165,-1.65,9830.0,,8,0,118,해외 주식,TIMEFOLIO,False,False,False
316670,1,KOSEF 코스닥150,5540,2,30,0.54,5604.0,-12.2612,104,0,117,국내 시장지수,KOSEF,False,False,False
337150,2,KODEX 200exTOP,10670,3,0,0.0,10699.0,-12.3614,0,0,117,국내 업종/테마,KODEX,False,False,False
426020,4,TIMEFOLIO 미국S&P500액티브,9760,5,-100,-1.01,9766.0,,89,0,117,해외 주식,TIMEFOLIO,False,False,False
225130,4,KINDEX 골드선물 레버리지(합성 H),14630,5,-75,-0.51,14607.0,-26.1056,3845,56,117,해외 주식,KINDEX,False,True,False
306950,3,KODEX KRX300레버리지,11520,5,-105,-0.9,11582.0,-23.0388,348,4,115,국내 파생,KODEX,False,True,False
251600,7,ARIRANG 고배당주채권혼합,10440,5,-35,-0.33,10438.0,-4.5993,1298,13,115,기타,ARIRANG,False,False,False
200030,4,KODEX 미국S&P산업재(합성),19855,5,-260,-1.29,19816.0,-6.202,115,2,114,해외 주식,KODEX,False,False,False
421320,2,ARIRANG iSelect우주항공&UAM,9040,2,155,1.74,9041.0,-12.1602,66124,595,113,국내 업종/테마,ARIRANG,False,False,False
289250,2,TIGER MSCI KOREA ESG유니버설,9390,3,0,0.0,9361.0,-11.2141,0,0,113,국내 업종/테마,TIGER,False,False,False
248260,4,TIGER 일본TOPIX헬스케어(합성),11260,5,-215,-1.87,11335.0,7.1929,357,4,113,해외 주식,TIGER,False,False,False
413930,2,WOORI AI ESG액티브,8040,5,-15,-0.19,8037.0,-9.596,128,1,113,국내 업종/테마,WOORI,False,False,False
138530,2,TIGER LG그룹+펀더멘털,8385,5,-5,-0.06,8392.0,-13.012,1617,13,112,국내 업종/테마,TIGER,False,False,False
399580,4,KBSTAR 글로벌클린에너지S&P,9315,2,115,1.25,9337.0,-0.7016,2450,22,112,해외 주식,KBSTAR,False,False,False
429000,4,TIGER 미국S&P500배당귀족,9680,5,-100,-1.02,9640.0,,13124,127,111,해외 주식,TIGER,False,False,False
415760,4,SOL 차이나육성산업액티브(합성),8545,5,-155,-1.78,8676.0,9.8484,1858,15,111,해외 주식,SOL,False,False,False
435040,4,KINDEX 글로벌브랜드TOP10블룸버그,10035,5,-65,-0.64,10033.0,,3549,35,110,해외 주식,KINDEX,False,False,False
244670,2,KODEX 밸류Plus,7855,2,40,0.51,7868.0,-17.7109,468,3,110,국내 업종/테마,KODEX,False,False,False
390400,4,KODEX 미국스마트모빌리티S&P,6860,5,-20,-0.29,6836.0,-8.9948,452,3,110,해외 주식,KODEX,False,False,False
219900,4,KINDEX 중국본토CSI300레버리지(합성),4565,5,-110,-2.35,4632.0,5.7692,4860,22,110,해외 주식,KINDEX,False,True,False
272910,6,KINDEX 중장기국공채액티브,96010,5,-100,-0.1,95985.0,-0.052,2,0,108,채권,KINDEX,False,False,False
433220,4,에셋플러스 글로벌대장장이액티브,9840,5,-115,-1.16,9900.0,,24312,240,108,해외 주식,에셋플러스,False,False,False
428510,4,KODEX 차이나메타버스액티브,10790,5,-185,-1.69,10904.0,,815,8,108,해외 주식,KODEX,False,False,False
104530,2,KOSEF 고배당,7900,5,-35,-0.44,7900.0,-18.1622,2615,20,107,국내 업종/테마,KOSEF,False,False,False
407820,2,에셋플러스 코리아플랫폼액티브,6605,5,-15,-0.23,6607.0,-27.1327,3067,20,106,국내 업종/테마,에셋플러스,False,False,False
140950,1,파워 코스피100,23860,5,-245,-1.02,23964.0,-9.7361,148,3,105,국내 시장지수,파워,False,False,False
091220,2,TIGER 은행,6215,5,-25,-0.4,6220.0,-21.4304,19575,121,104,국내 업종/테마,TIGER,False,False,False
418670,4,TIGER 글로벌사이버보안INDXX,10005,5,-80,-0.79,10076.0,-12.7596,1344,13,104,해외 주식,TIGER,False,False,False
285000,2,KBSTAR 200IT,12525,5,-95,-0.75,12527.0,-12.4584,68,0,103,국내 업종/테마,KBSTAR,False,False,False
292500,1,SOL KRX300,14670,5,-40,-0.27,14667.0,-10.5014,3,0,103,국내 시장지수,SOL,False,False,False
433500,2,KINDEX 원자력테마딥서치,11350,2,40,0.35,11370.0,,19607,222,102,국내 업종/테마,KINDEX,False,False,False
435420,7,TIGER 미국나스닥100TR채권혼합Fn,10210,5,-60,-0.58,10202.0,,113504,1159,102,기타,TIGER,False,False,False
368680,2,KODEX Fn K-뉴딜디지털플러스,8500,5,-35,-0.41,8518.0,-8.4621,109,0,102,국내 업종/테마,KODEX,False,False,False
430500,7,KOSEF 물가채KIS,101380,2,80,0.08,101445.0,,72,7,101,기타,KOSEF,False,False,False
279540,2,KODEX 최소변동성,10135,5,-50,-0.49,10179.0,-11.864,2,0,101,국내 업종/테마,KODEX,False,False,False
250730,4,KBSTAR 차이나HSCEI(H),8440,5,-60,-0.71,8448.0,0.4134,622,5,101,해외 주식,KBSTAR,False,False,True
195920,4,TIGER 일본TOPIX(합성 H),15765,2,15,0.1,15776.0,0.8645,6,0,101,해외 주식,TIGER,False,False,False
138910,5,KODEX 구리선물(H),5920,5,-30,-0.5,5925.0,-31.8052,24321,145,101,원자재,KODEX,False,False,True
354240,7,KBSTAR 미국고정배당우선증권ICE TR,10390,5,-170,-1.61,10406.0,6.2908,3117,32,99,기타,KBSTAR,False,False,False
229720,1,KODEX KTOP30,16440,5,-65,-0.39,16465.0,-9.981,235,3,99,국내 시장지수,KODEX,False,False,False
423170,4,SOL 한국형글로벌반도체액티브,8950,5,-50,-0.56,8980.0,-6.7358,3334,29,98,해외 주식,SOL,False,False,False
104520,2,KOSEF 블루칩,8135,5,-20,-0.25,8135.0,-9.9989,70,0,98,국내 업종/테마,KOSEF,False,False,False
310080,4,KBSTAR 중국MSCI China(H),9260,5,-150,-1.59,9204.0,1.0198,1199,11,97,해외 주식,KBSTAR,False,False,True
292050,1,KBSTAR KRX300,14775,5,-90,-0.61,14818.0,-10.694,6,0,96,국내 시장지수,KBSTAR,False,False,False
139660,7,KOSEF 미국달러선물인버스,9085,2,35,0.39,9082.0,-6.46,5917,53,95,기타,KOSEF,True,False,False
429010,4,TIGER 미국나스닥넥스트100,10000,5,-70,-0.7,10013.0,,396,3,95,해외 주식,TIGER,False,False,False
253150,3,ARIRANG 200선물레버리지,26935,5,-270,-0.99,26942.0,-21.1792,5871,157,94,국내 파생,ARIRANG,False,True,False
138920,5,KODEX 콩선물(H),13420,2,155,1.17,13383.0,-9.639,2916,39,94,원자재,KODEX,False,False,True
139240,2,TIGER 200 철강소재,7335,2,75,1.03,7344.0,-25.2395,1908,13,94,국내 업종/테마,TIGER,False,False,False
225060,4,TIGER 이머징마켓MSCI레버리지(합성 H),7565,2,45,0.6,7555.0,-23.1084,1571,11,94,해외 주식,TIGER,False,True,False
272570,6,KBSTAR 중장기국공채액티브,99315,5,-60,-0.06,99245.0,0.7808,3,0,93,채권,KBSTAR,False,False,False
185680,4,KODEX 미국S&P바이오(합성),22960,5,-835,-3.51,22799.0,0.063,4377,100,93,해외 주식,KODEX,False,False,False
375760,2,HANARO 탄소효율그린뉴딜,7705,5,-30,-0.39,7701.0,-10.2981,60,0,92,국내 업종/테마,HANARO,False,False,False
261070,2,TIGER 코스닥150바이오테크,8390,2,75,0.9,8499.0,2.2755,29360,245,92,국내 업종/테마,TIGER,False,False,False
433250,1,UNICORN R&D 액티브,10230,5,-30,-0.29,10243.0,,10,0,92,국내 시장지수,UNICORN,False,False,False
225050,4,TIGER 유로스탁스레버리지(합성 H),6565,5,-75,-1.13,6733.0,-18.7768,1889,12,92,해외 주식,TIGER,False,True,False
101280,4,KODEX 일본TOPIX100,15225,2,125,0.83,15199.0,-2.297,269,4,91,해외 주식,KODEX,False,False,False
429980,7,SOL 한국형글로벌전기차&2차전지액티브,10150,2,65,0.64,10151.0,,9177,93,91,기타,SOL,False,False,False
403790,1,마이다스 KoreaStock액티브,17125,5,-40,-0.23,17189.0,-11.2462,4790,82,90,국내 시장지수,마이다스,False,False,False
436180,2,ARIRANG K-유니콘투자기업액티브,9915,5,-45,-0.45,9932.0,,45,0,89,국내 업종/테마,ARIRANG,False,False,False
143460,2,KINDEX 밸류대형,8075,5,-30,-0.37,8084.0,-10.1641,51,0,89,국내 업종/테마,KINDEX,False,False,False
100910,1,KOSEF KRX100,4930,5,-20,-0.4,4933.0,-10.3748,59,0,89,국내 시장지수,KOSEF,False,False,False
280320,4,KINDEX 미국IT인터넷S&P(합성 H),11085,2,10,0.09,10997.0,-26.412,3326,36,89,해외 주식,KINDEX,False,False,False
352540,7,KODEX TSE일본리츠(H),12610,2,75,0.6,12685.0,-1.9171,3,0,88,기타,KODEX,False,False,True
316300,7,KINDEX 싱가포르리츠,12585,5,-55,-0.44,12632.0,-1.4425,1998,25,88,기타,KINDEX,False,False,False
270800,2,KBSTAR KQ고배당,12570,3,0,0.0,12627.0,-17.7249,251,3,88,국내 업종/테마,KBSTAR,False,False,False
295000,6,KBSTAR 국채선물10년,51120,5,-50,-0.1,51090.0,1.3568,299,15,88,채권,KBSTAR,False,False,False
429990,7,SOL 한국형글로벌플랫폼&메타버스액티브,9700,2,5,0.05,9845.0,,145,1,87,기타,SOL,False,False,False
364690,1,KODEX 혁신기술테마액티브,10900,2,15,0.14,10902.0,-9.2766,235,2,87,국내 시장지수,KODEX,False,False,False
292750,1,ARIRANG KRX300,14525,5,-35,-0.24,14509.0,-10.6639,17,0,87,국내 시장지수,ARIRANG,False,False,False
261140,2,TIGER 우선주,10600,2,5,0.05,10623.0,-10.7865,651,6,87,국내 업종/테마,TIGER,False,False,False
395150,2,KODEX Fn웹툰&드라마,6200,3,0,0.0,6199.0,-24.9304,7207,44,87,국내 업종/테마,KODEX,False,False,False
291130,4,KINDEX 멕시코MSCI(합성),10790,2,105,0.98,10734.0,-9.3339,198,2,86,해외 주식,KINDEX,False,False,False
261110,7,TIGER 미국달러선물레버리지,12315,5,-140,-1.12,12352.0,13.8482,4285,53,86,기타,TIGER,False,True,False
269370,4,TIGER S&P글로벌인프라(합성),12220,2,105,0.87,12210.0,-4.1459,124,1,86,해외 주식,TIGER,False,False,False
395270,2,HANARO Fn K-반도체,8135,5,-110,-1.33,8125.0,-11.3346,1224,9,85,국내 업종/테마,HANARO,False,False,False
145850,2,TREX 펀더멘탈 200,33970,5,-105,-0.31,33976.0,-10.4068,1,0,85,국내 업종/테마,TREX,False,False,False
434730,2,HANARO 원자력iSelect,10405,5,-35,-0.34,10441.0,,11814,123,83,국내 업종/테마,HANARO,False,False,False
244620,2,KODEX 모멘텀Plus,10220,3,0,0.0,10230.0,-18.7923,153,1,82,국내 업종/테마,KODEX,False,False,False
373530,4,ARIRANG 신흥국MSCI인버스(합성 H),11325,5,-5,-0.04,11305.0,12.1782,485,5,82,해외 주식,ARIRANG,True,False,False
416090,4,KINDEX 중국과창판STAR50,8120,5,-190,-2.29,8428.0,7.5728,4192,33,81,해외 주식,KINDEX,False,False,False
307010,3,KBSTAR KRX300레버리지,11595,5,-55,-0.47,11597.0,-21.2306,1267,14,81,국내 파생,KBSTAR,False,True,False
410870,2,TIMEFOLIO K컬처액티브,6730,2,30,0.45,6751.0,-18.5411,4,0,81,국내 업종/테마,TIMEFOLIO,False,False,False
108590,1,TREX 200,32295,5,-155,-0.48,32376.0,-10.6283,28,0,81,국내 시장지수,TREX,False,False,False
252650,1,KODEX 200동일가중,10030,2,15,0.15,10053.0,-14.5551,101,1,80,국내 시장지수,KODEX,False,False,False
417450,2,KBSTAR 글로벌수소경제Indxx,9400,2,290,3.18,9430.0,-20.4367,2533,23,80,국내 업종/테마,KBSTAR,False,False,False
391590,4,KINDEX 미국스팩&IPO INDXX,6645,2,10,0.15,6616.0,-14.4975,6,0,80,해외 주식,KINDEX,False,False,False
367740,2,HANARO Fn5G산업,11360,5,-140,-1.22,11379.0,-12.8128,69,0,80,국내 업종/테마,HANARO,False,False,False
253230,3,KOSEF 200선물인버스2X,3185,2,30,0.95,3183.0,22.0502,105278,335,79,국내 파생,KOSEF,True,False,False
402460,2,HANARO Fn K-메타버스MZ,7500,5,-80,-1.06,7515.0,-24.727,453,3,79,국내 업종/테마,HANARO,False,False,False
432850,4,HANARO 글로벌백신치료제MSCI,10425,5,-130,-1.23,10485.0,,908,9,78,해외 주식,HANARO,False,False,False
433850,7,ARIRANG TDF2030액티브,10220,2,70,0.69,10205.0,,236,2,77,기타,ARIRANG,False,False,False
432840,4,HANARO 미국S&P500,9575,5,-105,-1.08,9568.0,,1228,11,77,해외 주식,HANARO,False,False,False
152500,3,KINDEX 레버리지,5885,5,-40,-0.68,5889.0,-21.5752,10286,60,77,국내 파생,KINDEX,False,True,False
167860,6,KOSEF 국고채10년레버리지,108770,5,-170,-0.16,108775.0,3.2019,847,92,76,채권,KOSEF,False,True,False
433980,7,KODEX TDF2040액티브,10130,5,-30,-0.3,10167.0,,45187,458,76,기타,KODEX,False,False,False
434060,7,KODEX TDF2050액티브,10110,5,-30,-0.3,10150.0,,140692,1422,76,기타,KODEX,False,False,False
433860,7,ARIRANG TDF2040액티브,10100,5,-30,-0.3,10171.0,,153,1,76,기타,ARIRANG,False,False,False
433870,7,ARIRANG TDF2050액티브,10095,5,-25,-0.25,10078.0,,12,0,76,기타,ARIRANG,False,False,False
435530,7,히어로즈 TDF2030액티브,10090,3,0,0.0,10040.0,,0,0,76,기타,히어로즈,False,False,False
205720,4,KINDEX 일본TOPIX인버스(합성 H),4200,2,25,0.6,4194.0,-1.5331,2329,9,76,해외 주식,KINDEX,True,False,False
407160,2,MASTER 테크미디어텔레콤액티브,7955,5,-45,-0.56,7955.0,-13.9323,294,2,76,국내 업종/테마,MASTER,False,False,False
435540,7,히어로즈 TDF2040액티브,10030,5,-60,-0.59,10036.0,,43,0,75,기타,히어로즈,False,False,False
435550,7,히어로즈 TDF2050액티브,10005,5,-80,-0.79,10026.0,,23,0,75,기타,히어로즈,False,False,False
433880,7,ARIRANG TDF2060액티브,10000,5,-55,-0.55,10024.0,,297,2,75,기타,ARIRANG,False,False,False
333970,2,ARIRANG KS밸류가중TR,13630,5,-40,-0.29,13610.0,-12.456,53,0,75,국내 업종/테마,ARIRANG,False,False,False
256450,4,ARIRANG 심천차이넥스트(합성),12420,5,-275,-2.17,12743.0,11.7517,250,3,75,해외 주식,ARIRANG,False,False,False
156080,1,KODEX MSCI Korea,14835,5,-80,-0.54,14849.0,-9.447,92,1,74,국내 시장지수,KODEX,False,False,False
375270,7,KBSTAR 글로벌데이터센터리츠나스닥(합성),11385,5,-200,-1.73,11393.0,-6.6479,1155,13,74,기타,KBSTAR,False,False,False
131890,2,KINDEX 삼성그룹동일가중,14790,5,-60,-0.4,14817.0,-8.8734,17,0,74,국내 업종/테마,KINDEX,False,False,False
137930,3,마이다스 200커버드콜5%OTM,12300,5,-55,-0.45,12369.0,-9.5204,2,0,74,국내 파생,마이다스,False,False,False
275290,2,KODEX MSCI밸류,10495,3,0,0.0,10460.0,-11.7549,0,0,73,국내 업종/테마,KODEX,False,False,False
237440,7,TIGER 경기방어채권혼합,9110,2,15,0.16,9105.0,-0.7097,1557,14,73,기타,TIGER,False,False,False
189400,4,ARIRANG 글로벌MSCI(합성 H),14275,5,-20,-0.14,14301.0,-14.0668,376,5,73,해외 주식,ARIRANG,False,False,False
424460,4,HANARO 글로벌워터MSCI(합성),9055,5,-30,-0.33,9123.0,,147,1,72,해외 주식,HANARO,False,False,False
183710,7,KBSTAR 주식혼합,36140,5,-45,-0.12,36137.0,-7.5546,4,0,72,기타,KBSTAR,False,False,False
272230,2,KINDEX 스마트밸류,11865,5,-80,-0.67,11901.0,-11.8711,10,0,71,국내 업종/테마,KINDEX,False,False,False
139320,5,TIGER 금은선물(H),8825,5,-35,-0.4,8813.0,-15.3773,1170,10,71,원자재,TIGER,False,False,True
371150,4,KBSTAR 차이나항셍테크,6410,5,-95,-1.46,6449.0,11.9621,1956,12,71,해외 주식,KBSTAR,False,False,False
277640,2,TIGER 코스피대형주,11715,5,-75,-0.64,11751.0,-10.2125,39,0,70,국내 업종/테마,TIGER,False,False,False
228820,1,TIGER KTOP30,8265,5,-10,-0.12,8273.0,-10.269,71,0,70,국내 시장지수,TIGER,False,False,False
426330,4,KOSEF 미국ETF산업STOXX,9285,5,-75,-0.8,9367.0,,522,4,70,해외 주식,KOSEF,False,False,False
322150,2,KINDEX 스마트하이베타,11510,5,-70,-0.6,11539.0,-11.4138,10,0,69,국내 업종/테마,KINDEX,False,False,False
319870,7,KBSTAR KRX300미국달러선물혼합,13720,5,-170,-1.22,13777.0,-4.5689,4,0,69,기타,KBSTAR,False,False,False
419170,4,HANARO 미국메타버스iSelect,9130,2,15,0.16,9085.0,-4.7545,175,1,68,해외 주식,HANARO,False,False,False
404650,2,SOL KRX기후변화솔루션,8520,2,45,0.53,8558.0,-5.6237,226,1,68,국내 업종/테마,SOL,False,False,False
269530,4,ARIRANG S&P글로벌인프라,13610,3,0,0.0,13650.0,-2.9244,137,1,68,해외 주식,ARIRANG,False,False,False
368200,2,KBSTAR Fn K-뉴딜디지털플러스,8505,5,-30,-0.35,8522.0,-8.8044,4,0,68,국내 업종/테마,KBSTAR,False,False,False
195970,4,ARIRANG 선진국MSCI(합성 H),9705,2,85,0.88,9681.0,-13.3334,5146,49,68,해외 주식,ARIRANG,False,False,False
337120,2,KODEX Fn멀티팩터,11260,5,-10,-0.09,11295.0,-12.8856,1,0,68,국내 업종/테마,KODEX,False,False,False
403990,2,KBSTAR KRX기후변화솔루션,8430,2,10,0.12,8480.0,-5.69,4,0,67,국내 업종/테마,KBSTAR,False,False,False
322130,2,KINDEX 스마트로우볼,13485,5,-95,-0.7,13522.0,-9.7015,10,0,67,국내 업종/테마,KINDEX,False,False,False
251890,1,KINDEX 코스닥(합성),11170,2,45,0.4,11152.0,-15.4636,33,0,67,국내 시장지수,KINDEX,False,False,False
159800,1,마이티 코스피100,23935,5,-180,-0.75,24004.0,-10.2965,2,0,67,국내 시장지수,마이티,False,False,False
402520,1,FOCUS 혁신기업액티브,7385,5,-40,-0.54,7412.0,-13.4313,1973,14,66,국내 시장지수,FOCUS,False,False,False
407170,2,MASTER 스마트커머스액티브,7780,5,-10,-0.13,7803.0,-17.4351,539,4,66,국내 업종/테마,MASTER,False,False,False
266390,2,KODEX 경기소비재,9415,5,-5,-0.05,9421.0,-15.9004,181,1,66,국내 업종/테마,KODEX,False,False,False
315270,2,TIGER 200커뮤니케이션서비스,20425,5,-150,-0.73,20441.0,-18.3694,11,0,65,국내 업종/테마,TIGER,False,False,False
307510,2,TIGER 의료기기,16110,2,35,0.22,16125.0,-2.7232,1072,17,64,국내 업종/테마,TIGER,False,False,False
379790,4,KBSTAR 유로스탁스50(H),9200,5,-40,-0.43,9259.0,-7.5076,6744,62,64,해외 주식,KBSTAR,False,False,True
304760,1,HANARO KRX300,14300,5,-135,-0.94,14379.0,-10.7574,12,0,64,국내 시장지수,HANARO,False,False,False
381570,2,HANARO Fn친환경에너지,8035,2,10,0.12,8056.0,-15.1961,260,2,64,국내 업종/테마,HANARO,False,False,False
192720,2,파워 고배당저변동성,26765,2,40,0.15,26820.0,-13.1431,51,1,64,국내 업종/테마,파워,False,False,False
117690,4,TIGER 차이나항셍25,14220,5,-180,-1.25,14347.0,4.7272,4418,63,64,해외 주식,TIGER,False,False,False
429740,7,ARIRANG Fn K리츠,8525,5,-15,-0.18,8538.0,,2274,19,64,기타,ARIRANG,False,False,False
371130,4,KINDEX 베트남VN30선물블룸버그레버리지(H),12760,5,-170,-1.31,12670.0,-35.9901,1040,13,64,해외 주식,KINDEX,False,True,True
429870,7,히어로즈 리츠이지스액티브,8495,5,-35,-0.41,8509.0,,130,1,64,기타,히어로즈,False,False,False
304670,6,KODEX 미국채울트라30년선물인버스(H),9090,2,110,1.22,9096.0,2.4529,942,8,64,채권,KODEX,True,False,True
261060,2,TIGER 코스닥150IT,13100,2,15,0.11,13152.0,-21.3831,1805,23,63,국내 업종/테마,TIGER,False,False,False
333950,2,ARIRANG KS로우사이즈가중TR,13970,2,25,0.18,13950.0,-14.6312,17,0,63,국내 업종/테마,ARIRANG,False,False,False
238670,7,ARIRANG 스마트베타Quality채권혼합,10375,2,5,0.05,10366.0,-3.0389,67,0,62,기타,ARIRANG,False,False,False
314700,2,HANARO 농업융복합산업,11175,2,165,1.5,11172.0,-11.4881,3269,36,61,국내 업종/테마,HANARO,False,False,False
427110,2,KBSTAR Fn창업투자회사,8080,5,-5,-0.06,8100.0,,86,0,61,국내 업종/테마,KBSTAR,False,False,False
105780,2,KBSTAR 5대그룹주,6120,2,35,0.58,6108.0,-9.355,2078,12,61,국내 업종/테마,KBSTAR,False,False,False
411860,4,KOSEF 독일DAX,8130,3,0,0.0,8215.0,-9.3646,2550,20,61,해외 주식,KOSEF,False,False,False
432600,6,KBSTAR 국채선물3년,50795,5,-30,-0.06,50797.0,,2,0,61,채권,KBSTAR,False,False,False
098560,2,TIGER 방송통신,8675,5,-55,-0.63,8708.0,-10.9002,25314,219,61,국내 업종/테마,TIGER,False,False,False
234310,2,KBSTAR V&S셀렉트밸류,12135,5,-55,-0.45,12183.0,-14.3781,5,0,61,국내 업종/테마,KBSTAR,False,False,False
226380,2,KINDEX Fn성장소비주도주,6065,5,-30,-0.49,6097.0,-19.2074,11,0,61,국내 업종/테마,KINDEX,False,False,False
291680,4,KBSTAR 차이나H선물인버스(H),12125,2,5,0.04,12254.0,-3.7714,28,0,61,해외 주식,KBSTAR,True,False,True
305050,1,KINDEX 코스피,24070,5,-140,-0.58,24145.0,-11.4647,104,2,60,국내 시장지수,KINDEX,False,False,False
166400,3,TIGER 200커버드콜5%OTM,12015,5,-30,-0.25,12052.0,-10.6587,1,0,60,국내 파생,TIGER,False,False,False
253280,2,KBSTAR 헬스케어,11935,2,20,0.17,11962.0,-0.042,233,2,60,국내 업종/테마,KBSTAR,False,False,False
394340,4,KOSEF 릭소글로벌디지털경제MSCI,7410,2,80,1.09,7320.0,-11.6336,8,0,59,해외 주식,KOSEF,False,False,False
176950,6,KODEX 국채선물10년인버스,51410,2,60,0.12,51447.0,-1.1835,18,0,59,채권,KODEX,True,False,False
298340,6,ARIRANG 국채선물3년,52085,5,-130,-0.25,52099.0,0.5004,26,1,58,채권,ARIRANG,False,False,False
275280,2,KODEX MSCI모멘텀,9700,3,0,0.0,9762.0,-15.52,0,0,58,국내 업종/테마,KODEX,False,False,False
147970,2,TIGER 모멘텀,20740,2,15,0.07,20830.0,-16.8673,179,3,58,국내 업종/테마,TIGER,False,False,False
371870,4,KINDEX 차이나항셍테크,6395,5,-130,-1.99,6434.0,14.6748,1305,8,58,해외 주식,KINDEX,False,False,False
342140,7,KINDEX 싱가포르리츠채권혼합모닝스타,9550,3,0,0.0,9569.0,0.3678,0,0,57,기타,KINDEX,False,False,False
261120,7,TIGER 미국달러선물인버스2X,7110,2,65,0.92,7101.0,-12.8634,3339,23,57,기타,TIGER,True,False,False
289480,3,TIGER 200커버드콜ATM,9425,3,0,0.0,9437.0,-9.5316,0,0,57,국내 파생,TIGER,False,False,False
291620,3,KOSEF 코스닥150선물인버스,9120,5,-45,-0.49,9120.0,10.1562,922,8,57,국내 파생,KOSEF,True,False,False
322120,2,KINDEX 스마트퀄리티,14005,5,-75,-0.53,14051.0,-9.6915,88,1,56,국내 업종/테마,KINDEX,False,False,False
415920,5,ARIRANG 글로벌희토류전략자원기업MV,7980,2,85,1.08,8051.0,-19.8884,4940,39,56,원자재,ARIRANG,False,False,False
301410,3,ARIRANG 코스닥150선물인버스,7935,5,-30,-0.38,7917.0,9.9378,15543,123,56,국내 파생,ARIRANG,True,False,False
427120,2,KBSTAR Fn플랫폼테마,8375,5,-45,-0.53,8416.0,,4,0,55,국내 업종/테마,KBSTAR,False,False,False
277650,2,TIGER 코스피중형주,13765,2,80,0.58,13761.0,-15.7898,5,0,55,국내 업종/테마,TIGER,False,False,False
226980,1,KODEX 200 중소형,10980,2,105,0.97,10981.0,-17.595,59,0,55,국내 시장지수,KODEX,False,False,False
290080,3,KBSTAR 200고배당커버드콜ATM,7795,5,-5,-0.06,7811.0,-10.959,85,0,55,국내 파생,KBSTAR,False,False,False
145670,3,KINDEX 인버스,6050,2,10,0.17,6060.0,11.542,11378,68,54,국내 파생,KINDEX,True,False,False
291630,3,KOSEF 코스닥150선물레버리지,3985,2,35,0.89,3996.0,-24.6184,17164,67,54,국내 파생,KOSEF,False,True,False
391670,1,HK 베스트일레븐액티브,7725,5,-35,-0.45,7750.0,-8.8668,1,0,54,국내 시장지수,HK,False,False,False
243890,2,TIGER 200에너지화학레버리지,10810,2,220,2.08,10803.0,-24.7068,3858,41,54,국내 업종/테마,TIGER,False,True,False
407300,2,HANARO Fn골프테마,7200,2,70,0.98,7222.0,-18.5981,230,1,54,국내 업종/테마,HANARO,False,False,False
227550,2,TIGER 200 산업재,5945,2,15,0.25,5952.0,-8.1333,2,0,54,국내 업종/테마,TIGER,False,False,False
334690,5,KBSTAR 팔라듐선물(H),10685,2,75,0.71,10658.0,-22.4132,1224,12,53,원자재,KBSTAR,False,False,True
253240,3,KOSEF 200선물인버스,6390,2,35,0.55,6382.0,11.2959,3061,19,53,국내 파생,KOSEF,True,False,False
272220,2,KINDEX 스마트모멘텀,13205,5,-75,-0.56,13239.0,-11.9364,10,0,53,국내 업종/테마,KINDEX,False,False,False
307520,2,TIGER 지주회사,9590,2,65,0.68,9591.0,-9.4754,100,0,53,국내 업종/테마,TIGER,False,False,False
292770,6,KODEX 국채선물3년인버스,51560,2,45,0.09,51559.0,-0.4445,18,0,53,채권,KODEX,True,False,False
333940,2,ARIRANG KS로우볼가중TR,11650,5,-50,-0.43,11636.0,-9.9308,61,0,52,국내 업종/테마,ARIRANG,False,False,False
299070,6,KINDEX 국채선물10년인버스,104580,3,0,0.0,104857.0,-1.335,0,0,52,채권,KINDEX,True,False,False
105010,4,TIGER 라틴35,3460,3,0,0.0,3453.0,-17.0264,1963,6,52,해외 주식,TIGER,False,False,False
419650,2,ARIRANG 글로벌수소&차세대연료전지MV,8625,2,395,4.8,8785.0,-30.5486,16422,142,52,국내 업종/테마,ARIRANG,False,False,False
299080,6,KINDEX 국채선물3년인버스,103105,3,0,0.0,103344.0,-0.2805,0,0,52,채권,KINDEX,True,False,False
346000,6,HANARO KAP초장기국고채,39310,5,-260,-0.66,39226.0,2.7712,2965,116,51,채권,HANARO,False,False,False
261920,4,KINDEX 필리핀MSCI(합성),12705,2,10,0.08,12727.0,-12.3577,6,0,51,해외 주식,KINDEX,False,False,False
215620,2,HK S&P코리아로우볼,11280,3,0,0.0,11326.0,-7.9184,0,0,51,국내 업종/테마,HK,False,False,False
295820,1,ARIRANG 200동일가중,9215,2,35,0.38,9207.0,-14.5013,19,0,51,국내 시장지수,ARIRANG,False,False,False
376250,2,ARIRANG 탄소효율그린뉴딜,7725,5,-20,-0.26,7719.0,-10.39,26,0,50,국내 업종/테마,ARIRANG,False,False,False
267440,6,KBSTAR 미국장기국채선물(H),9995,5,-100,-0.99,10007.0,0.1488,2124,21,50,채권,KBSTAR,False,False,True
140580,2,KBSTAR 우량업종,9940,3,0,0.0,9987.0,-15.0428,4,0,50,국내 업종/테마,KBSTAR,False,False,False
426410,4,ARIRANG 미국대체투자Top10MV,9930,5,-65,-0.65,10223.0,,12212,122,50,해외 주식,ARIRANG,False,False,False
380340,2,KINDEX Fn5G플러스,7080,5,-85,-1.19,7084.0,-15.0463,13,0,50,국내 업종/테마,KINDEX,False,False,False
291890,4,KODEX MSCI EM선물(H),7880,2,30,0.38,7893.0,-10.8462,127,1,47,해외 주식,KODEX,False,False,True
275300,2,KODEX MSCI퀄리티,7860,5,-80,-1.01,7898.0,-10.1709,17,0,47,국내 업종/테마,KODEX,False,False,False
220130,4,SOL 중국본토 중소형 CSI500(합성 H),5220,2,30,0.58,5238.0,-1.237,76,0,47,해외 주식,SOL,False,False,False
404470,2,HANARO KRX기후변화솔루션,8475,2,60,0.71,8479.0,-5.3218,49,0,47,국내 업종/테마,HANARO,False,False,False
321410,7,KODEX 멀티에셋하이인컴(H),9200,3,0,0.0,9226.0,-7.5377,0,0,46,기타,KODEX,False,False,True
373490,2,KODEX K-이노베이션액티브,9165,2,10,0.11,9196.0,-10.8396,255,2,46,국내 업종/테마,KODEX,False,False,False
139290,2,TIGER 200 경기소비재,15265,2,175,1.16,15332.0,-4.1175,162,2,46,국내 업종/테마,TIGER,False,False,False
280940,5,KODEX 골드선물인버스(H),7520,2,85,1.14,7578.0,14.6491,718,5,45,원자재,KODEX,True,False,True
292340,3,마이티 200커버드콜ATM레버리지,7520,3,0,0.0,7549.0,-19.0963,0,0,45,국내 파생,마이티,False,True,False
391680,1,HK 하이볼액티브,7420,3,0,0.0,7385.0,-10.1151,0,0,45,국내 시장지수,HK,False,False,False
252410,3,KBSTAR 200선물인버스,6355,2,30,0.47,6348.0,11.2576,441,2,44,국내 파생,KBSTAR,True,False,False
227560,2,TIGER 200 생활소비재,8705,2,30,0.35,8700.0,-8.9144,1578,13,42,국내 업종/테마,TIGER,False,False,False
244660,2,KODEX 퀄리티Plus,8305,2,55,0.67,8321.0,-17.0021,102,0,42,국내 업종/테마,KODEX,False,False,False
306530,3,HANARO 코스닥150선물레버리지,7975,2,60,0.76,8008.0,-24.4031,7011,55,41,국내 파생,HANARO,False,True,False
285010,2,KBSTAR 200중공업,8630,5,-25,-0.29,8666.0,-14.2815,1917,16,41,국내 업종/테마,KBSTAR,False,False,False
281990,2,KBSTAR 중소형고배당,10345,2,50,0.49,10393.0,-16.9357,4,0,41,국내 업종/테마,KBSTAR,False,False,False
412560,2,TIGER KRX BBIG K-뉴딜레버리지,3910,5,-25,-0.64,3906.0,-27.3986,7705,29,41,국내 업종/테마,TIGER,False,True,False
139310,5,TIGER 금속선물(H),5820,2,115,2.02,5954.0,-32.7638,1563,9,41,원자재,TIGER,False,False,True
140570,2,KBSTAR 수출주,10110,2,20,0.2,10109.0,-13.5761,78,0,40,국내 업종/테마,KBSTAR,False,False,False
301440,2,ARIRANG 코스피중형주,10055,2,45,0.45,10048.0,-15.3131,153,1,40,국내 업종/테마,ARIRANG,False,False,False
267500,6,KBSTAR 미국장기국채선물인버스2X(합성 H),7660,2,130,1.73,7620.0,-2.017,50,0,38,채권,KBSTAR,True,False,False
217790,2,TIGER 가격조정,19140,2,65,0.34,19204.0,-17.5563,129,2,38,국내 업종/테마,TIGER,False,False,False
333960,2,ARIRANG KS모멘텀가중TR,12630,5,-30,-0.24,12616.0,-13.8776,58,0,38,국내 업종/테마,ARIRANG,False,False,False
275750,3,KBSTAR 코스닥150선물인버스,5260,5,-35,-0.66,5271.0,9.9688,8492,44,37,국내 파생,KBSTAR,True,False,False
284980,2,KBSTAR 200금융,7310,5,-30,-0.41,7317.0,-19.3318,5925,43,35,국내 업종/테마,KBSTAR,False,False,False
157500,2,TIGER 증권,3380,5,-35,-1.02,3378.0,-22.3688,10097,34,34,국내 업종/테마,TIGER,False,False,False
278420,2,ARIRANG ESG우수기업,8045,5,-30,-0.37,8047.0,-10.4072,27,0,32,국내 업종/테마,ARIRANG,False,False,False
333980,2,ARIRANG KS퀄리티가중TR,12680,5,-45,-0.35,12654.0,-11.5398,56,0,32,국내 업종/테마,ARIRANG,False,False,False
368470,2,KINDEX Fn K-뉴딜디지털플러스,10190,5,-20,-0.2,10187.0,-8.7579,10,0,31,국내 업종/테마,KINDEX,False,False,False
266550,2,ARIRANG 중형주저변동50,9945,2,60,0.61,9932.0,-13.4414,17,0,30,국내 업종/테마,ARIRANG,False,False,False
176710,6,파워 중기국고채,96835,3,0,0.0,96869.0,0.5138,0,0,29,채권,파워,False,False,False
334700,5,KBSTAR 팔라듐선물인버스(H),4740,2,65,1.39,4772.0,16.2935,1108,5,28,원자재,KBSTAR,True,False,True
309210,2,ARIRANG KRX300헬스케어,9420,2,50,0.53,9501.0,4.6927,1035,9,28,국내 업종/테마,ARIRANG,False,False,False
267490,6,KBSTAR 미국장기국채선물레버리지(합성 H),9410,5,-55,-0.58,9411.0,-1.3549,1368,12,28,채권,KBSTAR,False,True,False
280920,2,ARIRANG 주도업종,7635,2,30,0.39,7639.0,-18.34,22,0,27,국내 업종/테마,ARIRANG,False,False,False
252730,2,KBSTAR 모멘텀로우볼,13105,5,-80,-0.61,13138.0,-12.9359,6,0,26,국내 업종/테마,KBSTAR,False,False,False
287300,2,KBSTAR 200건설,9600,5,-20,-0.21,9624.0,-19.2547,17,0,25,국내 업종/테마,KBSTAR,False,False,False
301400,1,ARIRANG 코스닥150,11100,2,30,0.27,11271.0,-12.5869,325,3,22,국내 시장지수,ARIRANG,False,False,False
285020,2,KBSTAR 200철강소재,7095,2,40,0.57,7114.0,-24.9548,24,0,18,국내 업종/테마,KBSTAR,False,False,False
315480,2,KBSTAR 200커뮤니케이션서비스,12705,5,-90,-0.7,12729.0,-18.4461,4,0,18,국내 업종/테마,KBSTAR,False,False,False
252720,2,KBSTAR 모멘텀밸류,11900,5,-90,-0.75,11930.0,-13.5732,7,0,12,국내 업종/테마,KBSTAR,False,False,False
284990,2,KBSTAR 200에너지화학,9865,2,65,0.66,9890.0,-11.8706,72,0,10,국내 업종/테마,KBSTAR,False,False,False
287330,2,KBSTAR 200생활소비재,6555,5,-20,-0.3,6589.0,-9.0344,2575,16,9,국내 업종/테마,KBSTAR,False,False,False
287320,2,KBSTAR 200산업재,10795,2,65,0.61,10820.0,-8.6887,8,0,9,국내 업종/테마,KBSTAR,False,False,False
287310,2,KBSTAR 200경기소비재,9560,2,95,1.0,9595.0,-4.0742,17,0,8,국내 업종/테마,KBSTAR,False,False,False
